Model,Accuracy,Precision,Recall,F1 Score,ROC-AUC,CV F1 (mean),CV F1 (std)
Decision Tree,0.7857142857142857,0.7142857142857143,0.6666666666666666,0.6896551724137931,0.7345679012345678,0.6660791826309068,0.09467176364572037
Random Forest,0.7380952380952381,0.7,0.4666666666666667,0.56,0.7530864197530863,0.6181716918559024,0.13805683329698543
SVM (RBF),0.8095238095238095,0.7333333333333333,0.7333333333333333,0.7333333333333333,0.8666666666666667,0.646204391433993,0.06038321743527283
Gradient Boosting,0.7142857142857143,0.7142857142857143,0.3333333333333333,0.45454545454545453,0.7061728395061728,0.5842831215970962,0.14028385866792906
