Model,MAE,RMSE
"ARIMA(0, 1, 1)",1.193465347340801,1.544211973903449
Holt-Winters,1.2908160421771235,1.5549384649777365
