Model,MAE (log),RMSE (log),R2,MAE (original),RMSE (original),CV R2 (mean),CV R2 (std)
Linear Regression,1.8555226418547341,2.219571037938534,-0.06002679834785374,1746.9638463973856,3235.641209672697,-0.2203753870469046,0.3232697136391938
Ridge Regression,1.8237201922108277,2.178961569630169,-0.02159295059844446,1656.5888666214255,3052.3009116109083,0.04004600550126223,0.07258388980765691
Lasso Regression,1.7330124989849307,2.112499727208058,0.03977707757835369,1508.7866157038784,3001.7358588884886,0.14391870708090693,0.13419423231595132
Random Forest,1.5615976082131675,2.019117138200527,0.12279363085683248,1391.8392747441412,2846.0668016240484,-0.008373820843764057,0.13679725202482723
Gradient Boosting,1.8827230441908234,2.3141085632757497,-0.15224864215197376,1754.0286395881653,3080.6887271267783,-0.22471192694949088,0.14755730140447434
